1464857824264,3079,消费者发布设计需求,200,OK,415线程组 1-1,text,true,696,1,1,3079
1464857827376,1154,admin审核需求,200,OK,415线程组 1-1,text,true,512,1,1,1154
1464857828532,261,应标大厅,200,OK,415线程组 1-1,text,true,15413,1,1,255
1464857828795,3428,设计师应标,200,OK,415线程组 1-1,text,true,1884,1,1,3428
1464859114160,2361,消费者发布设计需求,200,OK,415线程组 1-1,text,false,696,1,1,2360
1464859117830,1232,admin审核需求,200,OK,415线程组 1-1,text,true,512,1,1,1232
1464859119066,616,应标大厅,200,OK,415线程组 1-1,text,true,16079,1,1,610
1464859119684,3569,设计师应标,200,OK,415线程组 1-1,text,true,1884,1,1,3569
1464861124591,3082,消费者发布设计需求,200,OK,415线程组 1-1,text,true,696,1,1,3082
1464861127677,1177,admin审核需求,200,OK,415线程组 1-1,text,true,512,1,1,1177
1464861128855,1359,应标大厅,200,OK,415线程组 1-1,text,true,15989,1,1,1352
1464861130216,3553,设计师应标,200,OK,415线程组 1-1,text,true,1884,1,1,3553
